<interface name="domnode"
	short="A DOM-like API for manipulating XML as a tree of nodes.">

<comments>
	Copyright 2002 Michael B. Allen &lt;mballen@erols.com&gt;
</comments>

<include>mba/domnode.h</include>

<title>Domnode</title>
<desc>
	The <def>domnode</def>(3m) module provides ...
</desc>

<group>
<title>The <ident>domnode</ident> structure</title>
<code>
	<title>The <ident>domnode</ident> structure</title>
	<pre>
  struct domnode {
      const char *name;
      const char *value; 
      struct linkedlist *children;
      struct linkedlist *attrs; 
  };
	</pre>
	<desc>
The <ident>domnode</ident> structure represents ...
	</desc>
</code>
</group>

<group>
<title>Memory management functions</title>
<desc>These functions should be used to create and destroy <def>domnode</def> objects.</desc>
<meth name="new">
	<pre>struct domnode *domnode_new(const char *name, const char *value);</pre>
	<param name="name"/>
	<param name="value"/>
	<desc>
If both <tt>name</tt> and <tt>value</tt> are null pointers an ...
	</desc>
	<ret>
The <ident>domnode_new</ident> function returns a new ...
	</ret>
</meth>
<meth name="">
	<pre></pre>
	<param name="this"/>
	<desc>
	</desc>
	<ret>
	</ret>
</meth>
</group>

</interface>
