<interface name="linkedlist"
	short="a sigularly linked list">

<comments>
	Copyright 2002 Michael B. Allen &lt;mballen@erols.com&gt;
</comments>

<include>mba/linkedlist.h</include>

<title>Linkedlist</title>
<desc>The <def>linkedlist</def> functions manipulate a sigularly linked list of data pointers.
<p/>
The <tt>struct linkedlist *</tt> parameter represeting the list being operated on must be valid. If a the list parameter is a null pointer, a null pointer or -1 will be returned and <tt>errno</tt> will be set to <tt>EINVAL</tt>.
</desc>

<group>
<title>Memory management functions</title>
<desc>These functions should be used to create and destroy <def>linkedlist</def> objects.</desc>
<meth name="new">
	<pre>struct linkedlist *linkedlist_new(unsigned int max_size);</pre>
	<param name="max_size"/>
	<desc>Create a new <def>linkedlist</def> object that accepts no
		more than <tt>max_size</tt> items. If <ident>max_size</ident>
		is zero the list will accept no more than <ident>MAX_INT</ident>
		items. A <def>linkedlist</def> object may be freed with
		<ident>linkedlist_del</ident>.
	</desc>
	<ret>a new <def>linkedlist</def> object. If memory for the
		<def>linkedlist</def> cannot be allocated a null pointer is returned
		and <ident>errno</ident> is set to <ident>ENOMEM</ident>.
	</ret>
</meth>
<meth name="del">
	<pre>void linkedlist_del(struct linkedlist *this, void (*free_data_fn)(void *));</pre>
	<param name="this"/>
	<param name="free_data_fn"/>
	<desc>frees the list and all associated resources.</desc>
</meth>
<meth name="clear">
	<pre>void linkedlist_clear(struct linkedlist *this, void (*free_data_fn)(void *));</pre>
	<param name="this"/>
	<param name="free_data_fn"/>
	<desc>clears the list of all data pointers. If the <ident>free_data_fn</ident> function is not <ident>NULL</ident>, it will be called for each data pointer in the list as an argument.</desc>
</meth>
</group>

<group>
<title>List functions</title>

<meth name="add">
	<pre>int linkedlist_add(struct linkedlist *this, void *data);</pre>
	<param name="this"/>
	<param name="data"/>
	<desc>The <tt>linkedlist_add</tt> function appends a data pointer to the end of the list.</desc>
	<ret>The <tt>linkedlist_insert</tt> function returns 0 if the operation was successfull and -1 if an error occurred in which case <tt>errno</tt> will be set appropriately.</ret>
</meth>
<meth name="insert">
	<pre>int linkedlist_insert(struct linkedlist *this, unsigned int idx, void *data);</pre>
	<param name="this"/>
	<param name="idx"/>
	<param name="data"/>
	<desc>inserts a data pointer before the item at <ident>idx</ident>. If
		<param>idx</param> equals the size of the list, the data pointer will
		be appended to the list.</desc>
	<ret>The <tt>linkedlist_insert</tt> function returns 0 if the operation was successfull and -1 if an error occurred in which case <tt>errno</tt> will be set appropriately.</ret>
</meth>
<meth name="insert_sorted" wrap="true">
	<pre>int linkedlist_insert_sorted(struct linkedlist *this, int (*compar)(const void *, const void *), void **replaced, void *data)</pre>
	<param name="this"/>
	<param name="compar"/>
	<param name="replaced"/>
	<param name="data"/>
	<desc>
The <tt>linkedlist_insert_sorted</tt> funtion inserts the data pointer <tt>data</tt> into the linked list <tt>this</tt> in a position determined by the comparison function <tt>compar</tt> which will be called repeatedly with the new data pointer and each data pointer in the list. The following describes the outcome of the <tt>linkedlist_insert_sorted</tt> operation depending on the result of <tt>compar</tt>:
<ul>
<li>&gt; 0 - No operation is performed. The next data element in the list is compared.</li>
<li>= 0 - If <tt>replaced</tt> was specified the replaced data pointer is assigned to it and the new pointer is inserted. If the <tt>replaced</tt> parameter was not provided the new data pointer is inserted before the equal element.</li>
<li>&lt; 0 - The new data pointer is inserted before the compared element.</li>
</ul>
</desc>
	<ret>The <tt>linkedlist_insert_sorted</tt> function returns 0 if the operation was successfull and -1 if an error occurred in which case <tt>errno</tt> will be set appropriately.</ret>
</meth>
<meth name="is_empty">
	<pre>int linkedlist_is_empty(const struct linkedlist *this);</pre>
	<param name="this"/>
	<desc>tests if the list is empty.</desc>
	<ret>non-zero if the list is empty and zero otherwise.</ret>
</meth>
<meth name="size">
	<pre>unsigned int linkedlist_size(const struct linkedlist *this);</pre>
	<param name="this"/>
	<desc>returns the number of items in the list.</desc>
</meth>
<meth name="get">
	<pre>void *linkedlist_get(const struct linkedlist *this, unsigned int idx);</pre>
	<param name="this"/>
	<param name="idx"/>
	<desc>
The <tt>linkedlist_get</tt> function retrieves an item from the list by index. If elements are accessed sequentially each call is an O(1) operation.
	</desc>
	<ret>
The <tt>linkedlist_get</tt> function returns the data pointer being retrieved. If the specified <ident>idx</ident> was out of range, a null pointer is returned and <ident>errno</ident> is set appropriately.
	</ret>
</meth>
<meth name="get_last">
	<pre>void *linkedlist_get_last(const struct linkedlist *this);</pre>
	<param name="this"/>
	<desc>The <tt>linkedlist_get_last</tt> function retrieves the last data pointer in the list.</desc>
	<ret>The <tt>linkedlist_get_last</tt> function returns the data pointer or a null pointer if the list is empty.</ret>
</meth>
<meth name="iterate">
	<pre>void linkedlist_iterate(void *this, iter_t *iter);</pre>
	<param name="this"/>
	<param name="iter"/>
	<desc combine="next">
Enumerate each element in the list. The <tt>linkedlist_iterate</tt> function initializes the <tt>iter</tt> object to point to the first item in the list. Each subsequent call to <tt>linkedlist_next</tt> returns the next element in the list or <tt>NULL</tt> if all elements have been enumerated. The elements are returned in order.
<p/>
To enumerate each element in a list the following code might be used:
<pre>
iter_t iter;
linkedlist_iterate(lst, &amp;iter);
while ((el = linkedlist_next(lst, &amp;iter)) {
    /* use el */
}
</pre>
	</desc>
</meth>
<meth name="next">
	<pre>void *linkedlist_next(void *this, iter_t *iter);</pre>
	<param name="this"/>
	<param name="iter"/>
	<ret>
The <tt>linkedlist_next</tt> function returns the next data pointer in the list or <tt>NULL</tt> if all elements have been enumerated.
	</ret>
</meth>
<meth name="remove">
	<pre>void *linkedlist_remove(struct linkedlist *this, unsigned int idx);</pre>
	<param name="this"/>
	<param name="idx"/>
	<desc>removes the data pointer at <ident>idx</ident> from the list.</desc>
	<ret>the data pointer removed from the list.</ret>
</meth>
<meth name="remove_last">
	<pre>void *linkedlist_remove_last(struct linkedlist *this);</pre>
	<param name="this"/>
	<desc>
The <tt>linkedlist_remove_last</tt> function removes the last data pointer in the list.
	</desc>
	<ret>
The <tt>linkedlist_remove_last</tt> function returns the data pointer removed from the list.
	</ret>
</meth>
</group>

</interface>
