<interface name="stack"
	short="a dynamically resizing stack">

<comments>
	Copyright 2002 Michael B. Allen &lt;mballen@erols.com&gt;
</comments>

<include>mba/stack.h</include>

<title>Stack</title>
<desc>
The stack functions manipulate a simple LIFO stack of pointers to objects but the underlying array will grow and shrink as storage requirements change.
</desc>

<group>
<title>Memory management functions</title>
<desc>These functions should be used to create and destroy <def>stack</def> objects.</desc>
<meth name="new">
	<pre>struct stack *stack_new(unsigned int max);</pre>
	<param name="max"/>
	<desc>
Create a new <def>stack</def>(3) object that will accept no more than <tt>max</tt> data pointers. If <tt>max</tt> is 0, <tt>INT_MAX</tt> elements may be pushed onto the stack.
	</desc>
	<ret>
The <ident>stack_new</ident> function returns a new <ident>stack</ident> object or <tt>NULL</tt> of memory could not be allocated in which case <tt>errno</tt> will be set to <tt>ENOMEM</tt>.
	</ret>
</meth>
<meth name="del">
	<pre>void stack_del(struct stack *s, void (*free_data_fn)(void *));</pre>
	<param name="s"/>
	<param name="free_data_fn"/>
	<desc>
The <ident>stack_del</ident> function deletes the stack object <tt>s</tt>. If <tt>free_data_fn</tt> (e.g. <def>free</def>(3)) is not <tt>NULL</tt>, it will be called with each remaining element.
	</desc>
</meth>
<meth name="clear">
	<pre>void stack_clear(struct stack *s, void (*free_data_fn)(void *));</pre>
	<param name="s"/>
	<param name="free_data_fn"/>
	<desc>
The <ident>stack_clear</ident> function will remove all elements on the stack. If <tt>free_data_fn</tt> is not <tt>NULL</tt> it will be called with each remaining element.
	</desc>
</meth>
</group>

<group>
<title>Stack functions</title>

<meth name="push">
	<pre>int stack_push(struct stack *s, void *data);</pre>
	<param name="s"/>
	<param name="data"/>
	<desc>
The <ident>stack_push</ident> function pushes the element <tt>data</tt> onto the stack identified by <tt>s</tt>;
	</desc>
	<ret>
The <ident>stack_push</ident> function returns -1 and sets <tt>errno</tt> to an appropriate valid if the operation failed or 0 if the data pointer was successfully pushed on the stack.
	</ret>
</meth>
<meth name="pop">
	<pre>void *stack_pop(struct stack *s);</pre>
	<param name="s"/>
	<desc>
The <ident>stack_pop</ident> function removes the last element pushed onto the stack <tt>s</tt> (the top).
	</desc>
	<ret>
The <ident>stack_pop</ident> function returned the data pointer popped off the stack.
	</ret>
</meth>
<meth name="is_empty">
	<pre>int stack_is_empty(const struct stack *s);</pre>
	<param name="s"/>
	<desc>
Returns non-zero if the stack <tt>s</tt> has no elements and 0 otherwise.
	</desc>
</meth>
<meth name="size">
	<pre>unsigned int stack_size(const struct stack *s);</pre>
	<param name="s"/>
	<desc>
The <ident>stack_size</ident> function returns the number of elements currently on the stack.
	</desc>
</meth>
<meth name="iterate">
	<pre>void stack_iterate(void *s, iter_t *iter);</pre>
	<param name="s"/>
	<param name="iter"/>
	<desc combine="next">
Enumerate each element on the stack. Call <ident>stack_iterate</ident> to initialize the <tt>iter</tt> object to point tothe bottom of the stack (the first element pushed onto the stack) and call <ident>stack_next</ident> any number of times to retrieve each data pointer. When the top of the stack has been reached, <ident>stack_next</ident> will return <tt>NULL</tt>.
	</desc>
</meth>
<meth name="next">
	<pre>void *stack_next(void *s, iter_t *iter);</pre>
	<param name="s"/>
	<param name="iter"/>
	<ret>
The <ident>stack_next</ident> function returns the next data pointer on the stack or <tt>NULL</tt> if the top of the stack has been exceeded.
	</ret>
</meth>
<meth name="peek">
	<pre>void *stack_peek(struct stack *s);</pre>
	<param name="s"/>
	<desc>
The <ident>stack_peek</ident> function returns the element at the top of the stack <tt>s</tt> or <tt>NULL</tt> of the stack is empty. The data pointer is not removed.
	</desc>
</meth>
</group>

</interface>
