<interface name="varray"
	short="A variable sized array.">

<comments>
Copyright 2003 Michael B. Allen &lt;mballen@erols.com&gt;
</comments>

<include>mba/varray.h</include>

<title>Varray</title>
<desc>
The <def>varray</def>(3m) module is a variable array that permits quick access to elements by index without allocating all the memory for the array when the array is created. Instead, memory is allocated as necessary in increasingly larger chunks (32 * <tt>membsize</tt>, 64 * <tt>membsize</tt>, 128 * <tt>membsize</tt>, ... upto 2^21 * <tt>membsize</tt>).
</desc>

<group>
<title>Varray functions</title>
<desc>These functions should be used to manage <def>varray</def> objects.</desc>

<meth name="new" wrap="true">
	<pre>struct varray *varray_new(size_t membsize);</pre>
	<param name="membsize"/>
	<desc>
The <ident>varray_new</ident> function creates a new <tt>varray</tt> with no initial storage. Array members will be <tt>membsize</tt> bytes in size.
	</desc>
	<ret>
The <ident>varray_new</ident> function returns the new <tt>varray</tt> object or a null pointer if an error occurred in which case errno will be set appropriately.
	</ret>
</meth>
<meth name="del">
	<pre>void varray_del(void *va);</pre>
	<param name="va"/>
	<desc>
The <ident>varray_del</ident> function frees all memory chunks allocated for array elements and then frees the <tt>va</tt> object itself.
	</desc>
</meth>
<meth name="get">
	<pre>void *varray_get(struct varray *va, unsigned int idx);</pre>
	<param name="va"/>
	<param name="idx"/>
	<desc>
The <ident>varray_get</ident> function returns a pointer to memory at index <tt>idx</tt>. The memory will be <tt>membsize</tt> bytes in size as specified in the <ident>varray_new</ident> function. The memory is initialized to 0 when the chunk backing it is allocated meaning the memory should initially be 0.
	</desc>
	<ret>
The <ident>varray_get</ident> function returns a pointer to the memory at index <tt>idx</tt> or a null pointer if an error occured in which case errno will be set appropriately.
	</ret>
</meth>
<meth name="release">
	<pre>void varray_release(struct varray *va, unsigned int from);</pre>
	<param name="va"/>
	<param name="from"/>
	<desc>
The <ident>varray_release</ident> function may release all memory chunks storing elements from index <tt>from</tt> and higher. This function will only free memory chunks that constitute elements at the <tt>from</tt> index and above. If the <tt>from</tt> index is the first element of a chunk, that chunk will be freed as well. This function should only be used if it is understood that the range of elements being accessed has been significantly reduced (e.g. factor of 10). In practice it is not necessary to use this function at all.
	</desc>
</meth>
<meth name="iterate">
	<pre>void varray_iterate(void *va, iter_t *iter);</pre>
	<param name="va"/>
	<param name="iter"/>
	<desc combine="next">
The <ident>varray_iterate</ident> and <ident>varray_next</ident> functions will enumerate over every element in the array that has ever been accessed with the <tt>varray_get</tt> function. However, adjacent elements in the same memory chunk will also be returned by <tt>varray_next</tt> even if they those elements have never been accessed with <tt>varray_get</tt>. Similarly, there may be gaps in the full range that are not returned by <tt>varray_next</tt> because no element was accessed in a range necessary for the chunk of memory for that range to be allocated. The <tt>varray_iterate</tt> function initializes the <tt>iter</tt> object to point to the beginning of the array. The <tt>varray_next</tt> function returns each element in the array or <tt>NULL</tt> if all elements have been enumerated.
	</desc>
</meth>
<meth name="next">
	<pre>void *varray_next(void *va, iter_t *iter);</pre>
	<param name="va"/>
	<param name="iter"/>
	<ret>
The <ident>varray_next</ident> function returns a pointer to the memory of the next element in the enumeration or a null pointer if there are no more elements to be enumerated.
	</ret>
</meth>

</group>
</interface>

