<interface name="cfg"
	short="persistent configuration properties interface">

<comments>
Copyright 2002 Michael B. Allen &lt;mballen@erols.com&gt;
</comments>

<include>mba/cfg.h</include>

<title>Cfg</title>
<desc>
The <def>cfg</def>(3m) module provides an interface to load and store comments and key/value pairs. A small state machine parser preserves all space tokens and comments in order between loading, manipulating, and storing <ident>cfg</ident> files. The following is a sample of serialized properties (the <ident>cfg</ident> file format):
<pre>
# This is a comment
addr = 192.168.1.15
!port = 15000
user.1 = miallen
user.2 = gchan
</pre>
Lines beginning with the '#' and '!' characters will be interpreted as comments. Keys are separated from values with '='. String encoding is locale dependant.
</desc>

<group>
<title>The <ident>cfg</ident> structure</title>
<code>
	<title>The <ident>cfg</ident> structure</title>
<pre>
struct cfg;
</pre>
	<desc>
The <ident>cfg</ident> structure maintains a list of serialized comments and properties.
	</desc>
</code>
</group>

<group>
<title>Memory management functions</title>
<desc>These functions should be used to create and destroy <def>cfg</def> objects.</desc>
<meth name="new">
	<pre>struct cfg *cfg_new(void);</pre>
	<desc>
The <tt>cfg_new</tt> function returns a new <ident>cfg</ident> object with no properties.
	</desc>
</meth>
<meth name="del">
	<pre>void cfg_del(void *this);</pre>
	<param name="this"/>
	<desc>
The <tt>cfg_del</tt> function frees the <ident>cfg</ident> object and all properties within it.
	</desc>
</meth>
</group>

<group>
<title>Load and store functions</title>
<meth name="load">
	<pre>int cfg_load(struct cfg *this, const char *filename);</pre>
	<param name="this"/>
	<param name="filename"/>
	<desc>
The <ident>cfg_load</ident> function loads the properties in <tt>filename</tt> into the <ident>cfg</ident> object <tt>this</tt>.
	</desc>
	<ret>
The <ident>cfg_load</ident> function returns -1 and sets <tt>errno</tt> to an appropriate value if the operation failed or 0 if the properties were successfully loaded.
	</ret>
</meth>
<meth name="store">
	<pre>int cfg_store(struct cfg *this, const char *filename);</pre>
	<param name="this"/>
	<param name="filename"/>
	<desc>
The <ident>cfg_store</ident> function serializes the properties in <tt>this</tt> <ident>cfg</ident> object and stores them in <tt>filename</tt>.
	</desc>
	<ret>
The <ident>cfg_store</ident> function returns -1 and sets <tt>errno</tt> to an appropriate value if the operation failed or 0 if the properties were successfully stored.
	</ret>
</meth>
</group>

<group>
<title>Property manipulation functions</title>
<meth name="iterate">
	<pre>void cfg_iterate(void *this, iter_t *iter);</pre>
	<param name="this"/>
	<param name="iter"/>
	<desc combine="next">
Enumerate each key in this <ident>cfg</ident> object. The <tt>cfg_iterate</tt> function initializes <tt>iter</tt> with the position of the first property in this <ident>cfg</ident>. With each subsequent call to <tt>cfg_next</tt> the key of each property is returned or NULL if all keys have been enumerated.
	</desc>
</meth>
<meth name="next">
	<pre>const char *cfg_next(void *this, iter_t *iter);</pre>
	<param name="this"/>
	<param name="iter"/>
	<ret>
The <tt>cfg_next</tt> function returns the next property in this <ident>cfg</ident> object or <tt>NULL</tt> if all keys have been enumerated.
	</ret>
</meth>
<meth name="get_str" wrap="true">
	<pre>int cfg_get_str(struct cfg *this, char *dst, int dn, const char *def, const char *name);</pre>
	<param name="this"/>
	<param name="dst"/>
	<param name="dn"/>
	<param name="def"/>
	<param name="name"/>
	<desc>
The <ident>cfg_get_str</ident> function retrieves a property identified by <tt>name</tt> into the memory spcecified by <tt>dst</tt> as a string. No more than <tt>dn</tt> bytes of <tt>dst</tt> will be written to. If the value is truncated a trailing '\0' will be included. If the named property is not in the list and the string <tt>def</tt> is not NULL, <tt>def</tt> will be copied into <tt>dst</tt>.
	</desc>
	<ret>
If the named property is not found and <tt>def</tt> is NULL or the operation fails for another reason the <ident>cfg_get_str</ident> function will return -1 and set <tt>errno</tt> to an appropriate value. Otherwise 0 is returned to indicate the string was successfully copied.
	</ret>
</meth>
<meth name="vget_str" wrap="true">
	<pre>int cfg_vget_str(struct cfg *this, char *dst, int dn, const char *def, const char *name, ...);</pre>
	<param name="this"/>
	<param name="dst"/>
	<param name="dn"/>
	<param name="def"/>
	<param name="name"/>
	<desc>
The <ident>cfg_vget_str</ident> function retrieves a property identified by <tt>name</tt> into the memory spcecified by <tt>dst</tt> as a string. The <tt>name</tt> parameter is a format specifier that is parsed by <def>vsprintf</def>(3) before being passed to <ident>cfg_get_str</ident>. This permits complex keys to be constructed in-situ. To iterate over each element in a list of at most 10 properties named user.0, user.1, user.2, ... the following might be used:
<pre>
for (i = 0; i &lt; 10; i++)
	if (cfg_vget_str(cfg, buf, BUFSIZ, NULL, "user.%d", idx)) == 0)
		break;   /* end of list */
</pre>
	</desc>
	<ret>
The <ident>cfg_vget_str</ident> function returns -1 and sets <tt>errno</tt> to an appropriate value if the operation failed or 0 if the string was successfully copied.
	</ret>
</meth>

<meth name="get_short">
	<pre>int cfg_get_short(struct cfg *this, short *dst, short def, const char *name);</pre>
	<param name="this"/>
	<param name="dst"/>
	<param name="def"/>
	<param name="name"/>
	<desc>
The <ident>cfg_get_short</ident> function is a convienence function that retrieves the property identified by <tt>name</tt> from <tt>this</tt> <ident>cfg</ident> object, converts it to a short integer with <def>strtol</def>(3), and stores the value in <tt>dst</tt>. If the named property does not exist, <tt>def</tt> will be copied to <tt>dst</tt>.
	</desc>
	<ret>
The <ident>cfg_get_short</ident> function returns -1 and sets <tt>errno</tt> to an appropriate value if the operation failed or 0 if the integer was successfully retrieved.
	</ret>
</meth>
<meth name="get_int">
	<pre>int cfg_get_int(struct cfg *this, int *dst, int def, const char *name);</pre>
	<param name="this"/>
	<param name="dst"/>
	<param name="def"/>
	<param name="name"/>
	<desc>
The <ident>cfg_get_int</ident> function is a convienence function that retrieves the property identified by <tt>name</tt> from <tt>this</tt> <ident>cfg</ident> object, converts it to an integer with <def>strtol</def>(3), and stores the value in <tt>dst</tt>. If the named property does not exist, <tt>def</tt> will be copied to <tt>dst</tt>.
	</desc>
	<ret>
The <ident>cfg_get_int</ident> function returns -1 and sets <tt>errno</tt> to an appropriate value if the operation failed or 0 if the integer was successfully retrieved.
	</ret>
</meth>
<meth name="get_long">
	<pre>int cfg_get_long(struct cfg *this, long *dst, long def, const char *name);</pre>
	<param name="this"/>
	<param name="dst"/>
	<param name="def"/>
	<param name="name"/>
	<desc>
The <ident>cfg_get_long</ident> function is a convienence function that retrieves the property identified by <tt>name</tt> from <tt>this</tt> <ident>cfg</ident> object, converts it to a long integer with <def>strtol</def>(3), and stores the value in <tt>dst</tt>. If the named property does not exist, <tt>def</tt> will be copied to <tt>dst</tt>.
	</desc>
	<ret>
The <ident>cfg_get_long</ident> function returns -1 and sets <tt>errno</tt> to an appropriate value if the operation failed or 0 if the integer was successfully retrieved.
	</ret>
</meth>

<meth name="vget_short">
	<pre>int cfg_vget_short(struct cfg *this, short *dst, short def, const char *name, ...);</pre>
	<param name="this"/>
	<param name="dst"/>
	<param name="def"/>
	<param name="name"/>
	<desc>
The <ident>cfg_vget_short</ident> function is a convienence function that retrieves the property identified by <tt>name</tt> from <tt>this</tt> <ident>cfg</ident> object, converts it to a short integer with <def>strtol</def>(3), and stores the value in <tt>dst</tt>. The <tt>name</tt> parameter and variable arguments are first reduced using <def>vsprintf</def>(3) permitting complex keys to be constructed. If the named property does not exist, <tt>def</tt> will be copied to <tt>dst</tt>.
	</desc>
	<ret>
The <ident>cfg_vget_short</ident> function returns -1 and sets <tt>errno</tt> to an appropriate value if the operation failed or 0 if the integer was successfully retrieved.
	</ret>
</meth>
<meth name="vget_int">
	<pre>int cfg_vget_int(struct cfg *this, int *dst, int def, const char *name, ...);</pre>
	<param name="this"/>
	<param name="dst"/>
	<param name="def"/>
	<param name="name"/>
	<desc>
The <ident>cfg_vget_int</ident> function is a convienence function that retrieves the property identified by <tt>name</tt> from <tt>this</tt> <ident>cfg</ident> object, converts it to an integer with <def>strtol</def>(3), and stores the value in <tt>dst</tt>. The <tt>name</tt> parameter and variable arguments are first reduced using <def>vsprintf</def>(3) permitting complex keys to be constructed. If the named property does not exist, <tt>def</tt> will be copied to <tt>dst</tt>.
	</desc>
	<ret>
The <ident>cfg_vget_int</ident> function returns -1 and sets <tt>errno</tt> to an appropriate value if the operation failed or 0 if the integer was successfully retrieved.
	</ret>
</meth>
<meth name="vget_long">
	<pre>int cfg_vget_long(struct cfg *this, long *dst, long def, const char *name, ...);</pre>
	<param name="this"/>
	<param name="dst"/>
	<param name="def"/>
	<param name="name"/>
	<desc>
The <ident>cfg_vget_long</ident> function is a convienence function that retrieves the property identified by <tt>name</tt> from <tt>this</tt> <ident>cfg</ident> object, converts it to a long integer with <def>strtol</def>(3), and stores the value in <tt>dst</tt>. The <tt>name</tt> parameter and variable arguments are first reduced using <def>vsprintf</def>(3) permitting complex keys to be constructed. If the named property does not exist, <tt>def</tt> will be copied to <tt>dst</tt>.
	</desc>
	<ret>
The <ident>cfg_vget_long</ident> function returns -1 and sets <tt>errno</tt> to an appropriate value if the operation failed or 0 if the integer was successfully retrieved.
	</ret>
</meth>

<meth name="set_str">
	<pre>int cfg_set_str(struct cfg *this, const char *src, int sn, const char *name);</pre>
	<param name="this"/>
	<param name="src"/>
	<param name="sn"/>
	<param name="name"/>
	<desc>
<i>Currently this function is not implemented.</i>
<p/>
The <ident>cfg_set_str</ident> function appends the string property in <tt>src</tt> to the list associated with the <ident>cfg</ident> object <tt>this</tt> with the key <tt>name</tt>. No more than <tt>sn</tt> bytes of the <tt>src</tt> string will be copied.
	</desc>
	<ret>
The <ident>cfg_set_str</ident> function returns -1 and sets <tt>errno</tt> to an appropriate value if the operation failed or 0 if the property could no be copied.
	</ret>
</meth>
</group>

</interface>
