<interface name="csv" short="parse comma separated values">

<comments>
Copyright 2003 Michael B. Allen &lt;mballen@erols.com&gt;
</comments>

<include>mba/csv.h</include>

<title>Csv</title>
<desc>
	The <def>csv</def>(3m) module parses the popular comma separated values (CSV) format exported by applications like spreadsheets. 
</desc>

<group>
<title>Csv functions</title>
<meth name="row_parse">
	<pre>int csv_row_parse(const char *src, size_t sn, char *buf, size_t bn, char *row[], int rn, int trim)</pre>
	<param name="src"/>
	<param name="sn"/>
	<param name="buf"/>
	<param name="bn"/>
	<param name="row"/>
	<param name="rn"/>
	<param name="trim"/>
	<desc>
Parse a line of text at <tt>src</tt> for no more than <tt>sn</tt> bytes and place pointers to zero terminiated strings allocated from no more than <tt>bn</tt> bytes of the memory at <tt>buf</tt> into the array <tt>row</tt> for at most <tt>rn</tt> data elements.
	</desc>
	<ret>The <tt>csv_row_parse</tt> function returns the number of bytes of <tt>src</tt> parsed or -1 if an error occured in which case <tt>errno</tt> will be set appropriately.</ret>
</meth>
<meth name="row_fread">
	<pre>int csv_row_fread(FILE *in, char *buf, size_t bn, char *row[], int numcols, int trim)</pre>
	<param name="in"/>
	<param name="buf"/>
	<param name="bn"/>
	<param name="row"/>
	<param name="numcols"/>
	<param name="trim"/>
	<desc>
Read a line of text from the stream <tt>in</tt> and place pointers to zero terminiated strings allocated from no more than <tt>bn</tt> bytes of the memory at <tt>buf</tt> into the array <tt>row</tt> for at most <tt>rn</tt> data elements.
	</desc>
	<ret>The <tt>csv_row_fread</tt> function returns the number of bytes read from the stream <tt>in</tt> or -1 if an error occured in which case <tt>errno</tt> will be set appropriately.</ret>
</meth>
</group>

</interface>
