<interface name="hashmap" short="a chaining hashmap">

<comments>
Copyright 2002 Michael B. Allen &lt;mballen@erols.com&gt;
</comments>

<include>mba/hashmap.h</include>

<title>Hashmap</title>
<desc>
A  <def>hashmap</def>(3m)  object  associates  keys  with  pointers to data
objects. Large numbers of elements may be stored and retrieved efficiently.
<p/>
It   is  vital  that  the  <tt>free_key_fn</tt>  and  <tt>free_data_fn</tt>
parameters  are  correct.  If  memory  management  of  all keys and data is
handled  externally  from  the  hashmap  both  function  pointers  must  be
<tt>NULL</tt>.  There  is  only one appropriate pair of parameters for each
scenario.  Choosing  incorrectly  will result in a memory leak or undefined
behavior. 
<p/>
Keys are only compared by their hash values. Keys that collide during a put
will  first  be remove and called with <tt>free_key_fn</tt> on the existing
key  and  <tt>free_data_fn</tt>  on it's data pointer. For this reason hash
functions  must  be chosen carefully. Please note, the <tt>hash_string</tt>
function can return the same hash value for different strings in rare cases
(e.g. the two character strings 'X"' and 'WA' both hash to the value 2762).
</desc>

<group>
<title>Definitions</title>
<code>
<title>Hashmap Definitions</title>
<pre>
HASHMAP_SMALL  17
HASHMAP_MEDIUM 701
HASHMAP_LARGE  8191

struct hashmap;

unsigned int hash_string(const void *s);
</pre>
</code>
</group>

<group>
<title>Memory management functions</title>
<desc>These functions should be used to create and destroy <def>hashmap</def> objects.</desc>
<meth name="new" wrap="true">
	<pre>struct hashmap *hashmap_new(unsigned int size, unsigned int (*hash_fn)(const void *), void (*free_key_fnsize)(void *), void (*free_data_fn)(void *));</pre>
	<param name="size"/>
	<param name="hash_fn"/>
	<param name="free_key_fnsize"/>
	<param name="free_data_fn"/>
	<desc>
Create a new <ident>hashmap</ident>. The maximum number of elements that can be stored in a hashmap is less than <tt>size</tt> * <tt>size</tt>. The macros <tt>HASHMAP_SMALL</tt>, <tt>HASHMAP_MEDIUM</tt>, and <tt>HASHMAP_LARGE</tt> are suitable <tt>size</tt> values (or choose 1/10th max elements and round up to prime number). The <tt>hash_fn</tt> parameter should be a pointer to a function that generates a unique integer value for each key to be stored in the <ident>hashmap</ident>. If the <tt>hash_fn</tt> parameter is <tt>NULL</tt> the key's address in memory will be used. The <ident>hash_string</ident> function is a suitable <tt>hash_fn</tt> for most strings. If the <tt>free_key_fn</tt> or <tt>free_data_fn</tt> parameters are not <tt>NULL</tt> they will be called with each key or data object that is removed from the map.
	</desc>
	<ret>
The <ident>hashmap_new</ident> function returns a new <tt>struct hashmap *</tt> object that contains no elements.
	</ret>
</meth>
<meth name="del">
	<pre>void hashmap_del(struct hashmap *h);</pre>
	<param name="h"/>
	<desc>
Delete a <ident>hashmap</ident>. If the <tt>free_key_fn</tt> or <tt>free_data_fn</tt> functions are not <tt>NULL</tt> they will be called for each remaining element.
	</desc>
</meth>
</group>

<group>
<title>Map functions</title>

<meth name="put">
	<pre>int hashmap_put(struct hashmap *h, void *key, void *data);</pre>
	<param name="h"/>
	<param name="key"/>
	<param name="data"/>
	<desc>
Put a data pointer into the map by key <tt>key</tt>. If an element with the same key hash value already exists in the map it will be removed in which case the <tt>free_key_fn</tt> and <tt>free_data_fn</tt> functions will be called with it provided they are not <tt>NULL</tt>.
	</desc>
	<ret>
The <ident>hashmap_put</ident> function returns -1 and sets <tt>errno</tt> on error or 0 if the element was successfully placed into the <ident>hashmap</ident>.
	</ret>
</meth>

<meth name="get">
	<pre>void *hashmap_get(const struct hashmap *h, const void *key);</pre>
	<param name="h"/>
	<param name="key"/>
	<desc>
Retrieve a data pointer from the map by it's <tt>key</tt>.
	</desc>
	<ret>
The <ident>hashmap_get</ident> function returns the data pointer being retrieved or <tt>NULL</tt> if the element was not found. A null pointer will also be returned if the <tt>h</tt> or <tt>key</tt> parameters are <tt>NULL</tt> but this function does not set <tt>errno</tt> to any value.
	</ret>
</meth>

<meth name="is_empty">
	<pre>int hashmap_is_empty(struct hashmap *h);</pre>
	<param name="h"/>
	<desc>
Returns 1 if the map is empty and 0 otherwise.
	</desc>
</meth>

<meth name="size">
	<pre>unsigned int hashmap_size(struct hashmap *h);</pre>
	<param name="h"/>
	<desc>
Returns the number of data pointers in the map.
	</desc>
	<ret>
The <ident>hashmap_size</ident> function returns the number of data pointers in the map. If <tt>h</tt> is <tt>NULL</tt>, zero is returned.
	</ret>
</meth>

<meth name="iterate">
	<pre>void hashmap_iterate(void *h, iter_t *iter);</pre>
	<param name="h"/>
	<param name="iter"/>
	<desc combine="next">
Enumerate each key in the map. The <tt>hashmap_iterate</tt> function initializes the <tt>iter</tt> object to point to
the  beginning  of the map. With each call to <tt>hashmap_next</tt>, a key will be returned.
When  all  keys  have been enumerated, <tt>hashmap_next</tt> will return <tt>NULL</tt>. Keys
are not returned in any particular order. Modifying the map during the enumeration is permitted however keys added may or may not returned in subsequent calls to <tt>hashmap_next</tt>.
	</desc>
</meth>

<meth name="next">
	<pre>void *hashmap_next(void *h, iter_t *iter);</pre>
	<param name="h"/>
	<param name="iter"/>
	<ret>
The <ident>hashmap_next</ident> function returns the next key in the map or <tt>NULL</tt> if all keys have been enumerated.
	</ret>
</meth>

<meth name="remove">
	<pre>void *hashmap_remove(struct hashmap *h, const void *key);</pre>
	<param name="h"/>
	<param name="key"/>
	<desc>
Remove a data pointer from the map by it's key. If the <tt>free_key_fn</tt> function is not <tt>NULL</tt> it will be called on the original key used to store the data pointer.
	</desc>
	<ret>
The <ident>hashmap_remove</ident> function returns the data pointer that was removed.
	</ret>
</meth>
</group>

</interface>

