<interface name="msgno"
	short="manage error codes and associated messages across separate libraries">

<comments>
	Copyright 2002 Michael B. Allen &lt;mballen@erols.com&gt;
</comments>

<include>mba/msgno.h</include>

<title>Msgno</title>
<desc>The <def>msgno</def>(3m) module provides a mechanism for managing error codes (or more generically message numbers) and associated messages across separate C libraries. This is very similar to the <ident>com_err</ident> library but with runtime message registration and stack-trace-like output.
<p/>
Each participating library registers a table of messages at runtime with the <ident>msgno_add_codes</ident> function. Several macros are provided to dispatch messages (e.g. print to <tt>stderr</tt>). When a library is compiled with other packages that use also use <def>msgno</def> and GNU cpp is used (for variatic macros), the following stack trace like output may be generated:
<pre>
src/expatls.c:97:utf8tods: Character encoding error
  src/expatls.c:449:start_fn: 
  src/dom.c:405:DOM_Element_normalize: 
  dump.c:30:main: Failed to process sample.xml
</pre>
The <tt>MSGNO</tt> macro must be set to activate <def>msgno</def>(3m). Currently the GNU C preprocessor(cpp) is required to support full stack-trace-like output because of the variatic macros used by this package. Note currently this code is not reentrant. A future version will accept a context object or arbitrary buffer to enable the module to be used in a threaded environment.
</desc>

<group>
<title>MSG, MNO, MNF, PMSG, PMNO, PMNF, AMSG, AMNO, AMNF</title>
<desc>
The nine <ident>msgno</ident> macros are used to initiate, append, and finally dispatch messages and formatted output to a user defined handler (default <tt>stderr</tt>).
</desc>

<code>
<title>MSG, MNO, MNF, PMSG, PMNO, PMNF, AMSG, AMNO, AMNF</title>
<pre>
MSG(fmt, args...)
MNO(msgno)
MNF(msgno, fmt, args...)

/* Primary */
PMSG(fmt, args...)
PMNO(msgno)
PMNF(msgno, fmt, args...)

/* Additional */
AMSG(fmt, args...)
AMNO(msgno)
AMNF(msgno, fmt, args...)

extern int (*msgno_hdlr)(const char *fmt, ...);

struct msgno_entry {
	unsigned int msgno;
	const char *msg;
};
</pre>
<desc>
The <i>Primary</i> and <i>Additional</i> macros (begin with P and A) do not dispatch messages to the <tt>msgno_hdlr</tt> but instead write to a global buffer. The <tt>MSG</tt>, <tt>MNO</tt>, or <tt>MNF</tt> macros will dispatch messages to the <tt>msgno_hdlr</tt> in addition to any <i>Primary</i> and <i>Additional</i> messages in the global buffer. The general flow should be to use a <i>Primary</i> macro to initiate a new buffered message, then use the <i>Additional</i> macros to append messages, and finally trigger the entire stack-trace-like message to be dispatched to the <tt>msgno_hdlr</tt> with a <tt>MSG</tt>, <tt>MNO</tt>, or <tt>MNF</tt> macro.
<table>
<tr><th></th><th>Formatted String</th><th>Message Number</th><th>Message Number and Formatted String</th></tr>
<tr>
<td>Primary message at the beginning of the message buffer</td>
<td><b>PMSG</b> - The <i>primary message</i> macro writes formated <tt>printf</tt> like string to the beginning of the message buffer</td>
<td><b>PMNO</b> - The <i>primary message number</i> macro accepts just a message number and writes the associated message the to the beginning of the message buffer</td>
<td><b>PMNF</b> - The <i>primary message number format</i> macro accepts a message number and a formatted <tt>printf</tt> like string and writes both the message associated with the message number and the formatted output to the beginning of the message buffer</td>
</tr>

<tr>
<td>Additional message appended to the message buffer</td>
<td><b>AMSG</b> - The <i>additional message</i> macro appends a formated <tt>printf</tt> like string to the message buffer</td>
<td><b>AMNO</b> - The <i>additional message number</i> macro accepts just a message number and appends the associated message the to the message buffer</td>
<td><b>AMNF</b> - The <i>additional message number format</i> macro accepts a message number and a formatted <tt>printf</tt> like string and appends both the message associated with the message number and the formatted output to the message buffer</td>
</tr>

<tr>
<td>Dispatched immediatedly to <tt>msgno_hdlr</tt></td>
<td><b>MSG</b> - The <i>message</i> macro writes a formatted string to the registered <tt>msgno_hdlr</tt></td>
<td><b>MNO</b> - THe <i>message number</i> macro writes the message associated with the provided number to the <tt>msgno_hdlr</tt></td>
<td><b>MNF</b> - The <i>message number format</i> macro writes both the message associated with the message number and a formatted <tt>printf</tt> like string to the <tt>msgno_hdlr</tt>.</td>
</tr>

</table>
<p/>
The <ident>msgno</ident> macros are designed to be the least intrusive way to place debugging information within C source code. The following is an example of how and where these macros might be used. If <tt>main</tt> calls <tt>zsvr_init</tt> calls <tt>bind</tt> and bind fails the above stack-trace-like output would be generated.
<pre>
if ((n = dec_mbsncpy(&amp;s, sn, NULL, -1, -1, "UTF-8")) == (size_t)-1) {
	DOM_Exception = DOM_CHARACTER_ENC_ERR;
	PMNO(DOM_Exception);
	return -1;
}
...
if (utf8tods(atts[i], -1, ud) == (size_t)-1) {
	AMSG("");
	return;
}
...
if (DOM_DocumentLS_load(doc, argv[1]) == -1 ||
		DOM_DocumentLS_fwrite(doc, stdout) == -1) {
	MSG("Failed to process %s", argv[1]);
	return EXIT_FAILURE;
}
</pre>
</desc>
</code>
</group>

<group>
<title>Message management functions</title>
<meth name="add_codes">
	<pre>int msgno_add_codes(struct msgno_entry *list);</pre>
	<param name="list"/>
	<desc>
The <tt>mnsgo_add_codes</tt> function registers an array of <tt>msgno_entry</tt> structures. The array must contain at least one element and the <tt>msg</tt> member of the last element must be <tt>NULL</tt>. Each <tt>msgno</tt> value must be greater than the previous value. Values will be created at runtime if not provided (e.g. all 0s becomes 0,1,2,3,..). Create macros for each message value by referencing the <tt>msgno</tt> member like the following:
<pre>
#define DOM_INDEX_SIZE_ERR              dom_codes[0].msgno
#define DOM_DOMSTRING_SIZE_ERR          dom_codes[1].msgno

struct msgno_entry dom_codes[] = {      
    { 1, "The index specified was out of range" },
    { 0, "The text size is out of range" },
    ...
    { 0, NULL }
};
</pre>
	</desc>
	<ret>
The <ident>msgno_add_codes</ident> function returns 0 if the operation was successfull. Otherwise -1 is returned and <tt>errno</tt> is set appropriately.
	</ret>
</meth>
<meth name="msg">
	<pre>const char *msgno_msg(unsigned int msgno);</pre>
	<param name="msgno"/>
	<desc>
The <ident>msgno_msg</ident> function returns the message associated with the <tt>msgno</tt> parameters that have previously been registered with <ident>msgno_add_codes</ident>. If no such message has been registered, then the message "No such msgno list" or "No such message in msgno list" is returned.
	</desc>
</meth>
<meth name="hdlr_stderr">
	<pre>int msgno_hdlr_stderr(const char *fmt, ...);</pre>
	<param name="fmt"/>
	<desc>
The <ident>msgno_hdlr_stderr</ident> function writes msgno messages to <tt>stderr</tt>. It is the default msgno message handler. The msgno message handler may be changed by reassigning a new function that matches the signature to the <ident>msgno_hdlr</ident> function pointer.
	</desc>
	<ret>
The <ident>msgno_hdlr_stderr</ident> function (i.e. the <ident>msgno_hdlr</ident> function) returns the number of characters printed to <tt>stderr</tt>.
	</ret>
</meth>
</group>
</interface>
