<interface name="pool"
	short="A container for recycleable objects.">

<comments>
	Copyright 2002 Michael B. Allen &lt;mballen@erols.com&gt;
</comments>

<include>mba/pool.h</include>

<title>Pool</title>
<desc>
	The <def>pool</def>(3m) module provides a container that will manage a reuseable pool of data objects. If the data objects are costly to create (e.g. a database connection) and can be reused in a different context the object can be released back to the pool for retrival at a later point without creating and destroying objects frequently. The number of data objects in a pool is limited to <tt>POOL_SIZE_MAX</tt> defined in the <def>pool</def>(3m) header file. This limit is 2040 by default which will create a bitmap of 256 bytes. Memory to store data pointers will increase dynamically as more space is required.
</desc>

<group>
<title>Memory management functions</title>
<desc>These functions should be used to create and destroy <def>pool</def> objects.</desc>
<meth name="new" wrap="true">
	<pre>struct pool *pool_new(unsigned int max_size, void *(*new_data_fn)(void *), void *arg, void (*free_data_fn)(void *));</pre>
	<param name="max_size"/>
	<param name="new_data_fn"/>
	<param name="arg"/>
	<param name="free_data_fn"/>
	<desc>
The <ident>pool_new</ident> function creates a new empty pool object that will accept no more than <tt>max_size</tt> elements. The <tt>max_size</tt> parameter is limited to <tt>POOL_SIZE_MAX</tt>. If <tt>max_size</tt> is 0 or greater than <tt>POOL_SIZE_MAX</tt> the pool will accept no more than <tt>POOL_SIZE_MAX</tt> elements. The <tt>new_data_fn</tt> function will be called with <tt>arg</tt> as a parameter to create a new data objects when necessary. The <tt>free_data_fn</tt> function is called for each member in the pool when the pool is deleted. It may also be called if the pool was successfull in creating a data object but failed to store it due to a memory allocation failure.
	</desc>
	<ret>
The <ident>pool_new</ident> function returns a new pool object that initially contains no memebers.
	</ret>
</meth>
<meth name="del">
	<pre>void pool_del(void *p);</pre>
	<param name="p"/>
	<desc>
The <ident>pool_del</ident> function calls the <tt>free_data_fn</tt> function on each element in the pool and frees any resources allocated with <ident>pool_new</ident>.
	</desc>
</meth>
</group>
<group>
<title>Pool management functions</title>
<meth name="get">
	<pre>void *pool_get(struct pool *p);</pre>
	<param name="p"/>
	<desc>
The <ident>pool_get</ident> function searches the pool <tt>p</tt> for an unused data object or creates a new data object if necessary. In either case, the data object is returned. More specifically, if there are no data objects in the pool or if all data objects in the pool are currently being used the <tt>new_data_fn</tt> function is called to create a new data object which is then added to the pool.
	</desc>
	<ret>
The <ident>pool_get</ident> function returns a data object from the pool. If the <tt>max_size</tt> limit is reached, <tt>errno</tt> is set to <tt>ERANGE</tt> and <tt>NULL</tt> is returned. If the <tt>new_data_fn</tt> returns <tt>NULL</tt> or if an error occurs <tt>errno</tt> will be set to an approriate value and <tt>NULL</tt> will be returned.
	</ret>
</meth>
<meth name="release">
	<pre>int pool_release(struct pool *p, void *data);</pre>
	<param name="p"/>
	<param name="data"/>
	<desc>
The <ident>pool_release</ident> function releases the data pointer <tt>data</tt> back into the pool <tt>p</tt>.
	</desc>
	<ret>
The <ident>pool_release</ident> function returns -1 and sets <tt>errno</tt> to an approriate value if the operation failed or 0 if the data object was successfully released back into the pool.
	</ret>
</meth>
<meth name="size">
	<pre>unsigned int pool_size(struct pool *p);</pre>
	<param name="p"/>
	<desc>
The <ident>pool_size</ident> function returns the total number of data objects that consititute the pool regardless of how many object are being used or not being unused. This number is equal to the number of times <tt>new_data_fn</tt> has been called (barring memory allocation failures).
	</desc>
</meth>
<meth name="unused">
	<pre>unsigned int pool_unused(struct pool *p);</pre>
	<param name="p"/>
	<desc>
The <ident>pool_unused</ident> function returns the number of data objects that are currently not being used. The number of objects currently in use is <tt>pool_size</tt> minus <tt>pool_unused</tt>.
	</desc>
</meth>
<meth name="iterate">
	<pre>void pool_iterate(void *p, iter_t *iter);</pre>
	<param name="p"/>
	<param name="iter"/>
	<desc combine="next">
Enumerate each data object in the pool. The <tt>pool_iterate</tt> function initializes the <tt>iter</tt> object to the beginning of the pool. With each subsequent call to <tt>pool_next</tt> a pointer to each element is returned or <tt>NULL</tt> is returned to indicate all elements have been enumerated. All elements are enumerated regardless of wheather or not they are currently attributed as being used or unused. If data objects are added to the pool during one enumeration cycle they may or may not be included in the current set. Elements are not returned in any particular order.
	</desc>
</meth>
<meth name="next">
	<pre>void *pool_next(void *p, iter_t *iter);</pre>
	<param name="p"/>
	<param name="iter"/>
	<ret>
The <ident>pool_next</ident> function returns the next member in the pool or <tt>NULL</tt> if all members have been enumerated.
	</ret>
</meth>
</group>

</interface>
